vid,title,category,embed,thumbnail,channel,tag
sgFGxQULzp8,Data Science with Python Course for Beginners | Python Machine Learning | Data Analysis with Python,Machine Learning,"<iframe src=""https://www.youtube.com/embed/sgFGxQULzp8"" frameborder=""0"" allow=""accelerometer; autoplay; encrypted-media; gyroscope; picture-in-picture"" allowfullscreen></iframe>",https://i.ytimg.com/vi/sgFGxQULzp8/hqdefault.jpg,Academic Lesson,new
ue-R9qL4ciI,Quantum Mechanics - Tutorial 2 || Complex Numbers,Quantum,"<iframe src=""https://www.youtube.com/embed/ue-R9qL4ciI"" frameborder=""0"" allow=""accelerometer; autoplay; encrypted-media; gyroscope; picture-in-picture"" allowfullscreen></iframe>",https://i.ytimg.com/vi/ue-R9qL4ciI/hqdefault.jpg,Academic Lesson,new
HhtOmMtizOs,Quantum Mechanics - Tutorial 1 || Introduction and Key Concepts,Quantum,"<iframe src=""https://www.youtube.com/embed/HhtOmMtizOs"" frameborder=""0"" allow=""accelerometer; autoplay; encrypted-media; gyroscope; picture-in-picture"" allowfullscreen></iframe>",https://i.ytimg.com/vi/HhtOmMtizOs/hqdefault.jpg,Academic Lesson,new
c7VnIJF1UZ8,PreCalculus Full Course For Beginners,Calculus,"<iframe src=""https://www.youtube.com/embed/c7VnIJF1UZ8"" frameborder=""0"" allow=""accelerometer; autoplay; encrypted-media; gyroscope; picture-in-picture"" allowfullscreen></iframe>",https://i.ytimg.com/vi/c7VnIJF1UZ8/hqdefault.jpg,Academic Lesson,best
_ZDUOS7NdEc,Quantum Mechanics Full Course | Quantum Physics Course | Part 1,Quantum,"<iframe src=""https://www.youtube.com/embed/_ZDUOS7NdEc"" frameborder=""0"" allow=""accelerometer; autoplay; encrypted-media; gyroscope; picture-in-picture"" allowfullscreen></iframe>",https://i.ytimg.com/vi/_ZDUOS7NdEc/hqdefault.jpg,Academic Lesson,
xzbVK2tqTfM,Deep Learning with R for Beginners,Deep Learning,"<iframe src=""https://www.youtube.com/embed/xzbVK2tqTfM"" frameborder=""0"" allow=""accelerometer; autoplay; encrypted-media; gyroscope; picture-in-picture"" allowfullscreen></iframe>",https://i.ytimg.com/vi/xzbVK2tqTfM/hqdefault.jpg,Academic Lesson,
fk3kcwt71kk,Advanced Linear Algebra Full Video Course,Algebra,"<iframe src=""https://www.youtube.com/embed/fk3kcwt71kk"" frameborder=""0"" allow=""accelerometer; autoplay; encrypted-media; gyroscope; picture-in-picture"" allowfullscreen></iframe>",https://i.ytimg.com/vi/fk3kcwt71kk/hqdefault.jpg,Academic Lesson,
FF05fXg03A0,Linear algebra for Quantum Mechanics,Quantum,"<iframe src=""https://www.youtube.com/embed/FF05fXg03A0"" frameborder=""0"" allow=""accelerometer; autoplay; encrypted-media; gyroscope; picture-in-picture"" allowfullscreen></iframe>",https://i.ytimg.com/vi/FF05fXg03A0/hqdefault.jpg,Academic Lesson,
XcI1ppMBqBk,Deep Learning Advanced,Deep Learning,"<iframe src=""https://www.youtube.com/embed/XcI1ppMBqBk"" frameborder=""0"" allow=""accelerometer; autoplay; encrypted-media; gyroscope; picture-in-picture"" allowfullscreen></iframe>",https://i.ytimg.com/vi/XcI1ppMBqBk/hqdefault.jpg,Academic Lesson,best
8stueNPVl-I,Calculus for Beginners full course | Calculus for Machine learning,Calculus,"<iframe src=""https://www.youtube.com/embed/8stueNPVl-I"" frameborder=""0"" allow=""accelerometer; autoplay; encrypted-media; gyroscope; picture-in-picture"" allowfullscreen></iframe>",https://i.ytimg.com/vi/8stueNPVl-I/hqdefault.jpg,Academic Lesson,best
2dhNVH6yBog,Object Oriented Programming Python | Python OOP | Python object oriented Programming,Python,"<iframe src=""https://www.youtube.com/embed/2dhNVH6yBog&t=11s"" frameborder=""0"" allow=""accelerometer; autoplay; encrypted-media; gyroscope; picture-in-picture"" allowfullscreen></iframe>",https://i.ytimg.com/vi/2dhNVH6yBog&t=11s/hqdefault.jpg,Academic Lesson,
qvDg17PbSnU,Cybersecurity for beginners | Network Security Practical Course,Security,"<iframe src=""https://www.youtube.com/embed/qvDg17PbSnU"" frameborder=""0"" allow=""accelerometer; autoplay; encrypted-media; gyroscope; picture-in-picture"" allowfullscreen></iframe>",https://i.ytimg.com/vi/qvDg17PbSnU/hqdefault.jpg,Academic Lesson,best
C_e37dfGmNA,Cryptography and Cyber Security Full Course || Cryptography for Security,Security,"<iframe src=""https://www.youtube.com/embed/C_e37dfGmNA&t=1s"" frameborder=""0"" allow=""accelerometer; autoplay; encrypted-media; gyroscope; picture-in-picture"" allowfullscreen></iframe>",https://i.ytimg.com/vi/C_e37dfGmNA&t=1s/hqdefault.jpg,Geek's Lesson,new
hl-Y3tLMkbY,Python Programming - Full Course for Beginners to Experts [Tutorial],Python,"<iframe src=""https://www.youtube.com/embed/hl-Y3tLMkbY&t=1959s"" frameborder=""0"" allow=""accelerometer; autoplay; encrypted-media; gyroscope; picture-in-picture"" allowfullscreen></iframe>",https://i.ytimg.com/vi/hl-Y3tLMkbY&t=1959s/hqdefault.jpg,Geek's Lesson,new
sbbYntt5CJk,Statistics and Probability Full Course || Statistics For Data Science,Statistics,"<iframe src=""https://www.youtube.com/embed/sbbYntt5CJk&t=16949s"" frameborder=""0"" allow=""accelerometer; autoplay; encrypted-media; gyroscope; picture-in-picture"" allowfullscreen></iframe>",https://i.ytimg.com/vi/sbbYntt5CJk&t=16949s/hqdefault.jpg,Geek's Lesson,new
K4BF7MD69_U,Quantum Physics Full Course | Quantum Mechanics Course,Quantum,"<iframe src=""https://www.youtube.com/embed/K4BF7MD69_U&t=24223s"" frameborder=""0"" allow=""accelerometer; autoplay; encrypted-media; gyroscope; picture-in-picture"" allowfullscreen></iframe>",https://i.ytimg.com/vi/K4BF7MD69_U&t=24223s/hqdefault.jpg,Geek's Lesson,
Tc3Qk-hPGwM,Confidence interval Statistics || Confidence Interval and Point Estimation,Statistics,"<iframe src=""https://www.youtube.com/embed/Tc3Qk-hPGwM&t=1s"" frameborder=""0"" allow=""accelerometer; autoplay; encrypted-media; gyroscope; picture-in-picture"" allowfullscreen></iframe>",https://i.ytimg.com/vi/Tc3Qk-hPGwM&t=1s/hqdefault.jpg,Geek's Lesson,
pXNroT7P__U,Data Science Crash Course for Beginners,Data Science,"<iframe src=""https://www.youtube.com/embed/pXNroT7P__U&t=4815s"" frameborder=""0"" allow=""accelerometer; autoplay; encrypted-media; gyroscope; picture-in-picture"" allowfullscreen></iframe>",https://i.ytimg.com/vi/pXNroT7P__U&t=4815s/hqdefault.jpg,Geek's Lesson,
N7OSQ6e4NK0,Linux Tutorial -  Permission  || Linux Permission [ A- Z ],Linux,"<iframe src=""https://www.youtube.com/embed/N7OSQ6e4NK0&t=1s"" frameborder=""0"" allow=""accelerometer; autoplay; encrypted-media; gyroscope; picture-in-picture"" allowfullscreen></iframe>",https://i.ytimg.com/vi/N7OSQ6e4NK0&t=1s/hqdefault.jpg,Geek's Lesson,
t5ckUuSsWe4,Linear Algebra Full Course for Beginners to Experts,Algebra,"<iframe src=""https://www.youtube.com/embed/t5ckUuSsWe4&t=87s"" frameborder=""0"" allow=""accelerometer; autoplay; encrypted-media; gyroscope; picture-in-picture"" allowfullscreen></iframe>",https://i.ytimg.com/vi/t5ckUuSsWe4&t=87s/hqdefault.jpg,Geek's Lesson,
wsh64rjnRas,Linux System Administration Full Course,Linux,"<iframe src=""https://www.youtube.com/embed/wsh64rjnRas&t=3s"" frameborder=""0"" allow=""accelerometer; autoplay; encrypted-media; gyroscope; picture-in-picture"" allowfullscreen></iframe>",https://i.ytimg.com/vi/wsh64rjnRas&t=3s/hqdefault.jpg,Geek's Lesson,
7u5giNLHj2U,Python Complete Course for Beginners || Python for Data Science - Part 2,Data Science,"<iframe src=""https://www.youtube.com/embed/7u5giNLHj2U&t=9s"" frameborder=""0"" allow=""accelerometer; autoplay; encrypted-media; gyroscope; picture-in-picture"" allowfullscreen></iframe>",https://i.ytimg.com/vi/7u5giNLHj2U&t=9s/hqdefault.jpg,Geek's Lesson,
8bhrU9chl58,Python Complete Course for Beginners || Python for Data Science - Part 1,Data Science,"<iframe src=""https://www.youtube.com/embed/8bhrU9chl58&t=22s"" frameborder=""0"" allow=""accelerometer; autoplay; encrypted-media; gyroscope; picture-in-picture"" allowfullscreen></iframe>",https://i.ytimg.com/vi/8bhrU9chl58&t=22s/hqdefault.jpg,Geek's Lesson,
lsmUiWvmruU,Mathematics for Machine Learning Full Course: Calculus || Part 2 || Calculus for Machine Learning,Calculus,"<iframe src=""https://www.youtube.com/embed/lsmUiWvmruU&t=15s"" frameborder=""0"" allow=""accelerometer; autoplay; encrypted-media; gyroscope; picture-in-picture"" allowfullscreen></iframe>",https://i.ytimg.com/vi/lsmUiWvmruU&t=15s/hqdefault.jpg,Geek's Lesson,
KVDI5m774DY,Advanced Machine Learning: 1d Convolution for Neural Network,Machine Learning,"<iframe src=""https://www.youtube.com/embed/KVDI5m774DY&t=27s"" frameborder=""0"" allow=""accelerometer; autoplay; encrypted-media; gyroscope; picture-in-picture"" allowfullscreen></iframe>",https://i.ytimg.com/vi/KVDI5m774DY&t=27s/hqdefault.jpg,Geek's Lesson,
VeB91Mfd5m0,R Programming for deep learning | R basics,Deep Learning,"<iframe src=""https://www.youtube.com/embed/VeB91Mfd5m0&t=12s"" frameborder=""0"" allow=""accelerometer; autoplay; encrypted-media; gyroscope; picture-in-picture"" allowfullscreen></iframe>",https://i.ytimg.com/vi/VeB91Mfd5m0&t=12s/hqdefault.jpg,Geek's Lesson,
PVoTRu3p6ug,Algebra for Beginners | Basics of Algebra,Algebra,"<iframe src=""https://www.youtube.com/embed/PVoTRu3p6ug&t=12s"" frameborder=""0"" allow=""accelerometer; autoplay; encrypted-media; gyroscope; picture-in-picture"" allowfullscreen></iframe>",https://i.ytimg.com/vi/PVoTRu3p6ug&t=12s/hqdefault.jpg,Geek's Lesson,
dVEdViOurR0,Statistical data analysis | Statistical Data Science | Part 1,Data Science,"<iframe src=""https://www.youtube.com/embed/dVEdViOurR0&t=5s"" frameborder=""0"" allow=""accelerometer; autoplay; encrypted-media; gyroscope; picture-in-picture"" allowfullscreen></iframe>",https://i.ytimg.com/vi/dVEdViOurR0&t=5s/hqdefault.jpg,Geek's Lesson,
FKRmKW5Nr7g,Python Strings and Formatting Tutorial,Python,"<iframe src=""https://www.youtube.com/embed/FKRmKW5Nr7g"" frameborder=""0"" allow=""accelerometer; autoplay; encrypted-media; gyroscope; picture-in-picture"" allowfullscreen></iframe>",https://i.ytimg.com/vi/FKRmKW5Nr7g/hqdefault.jpg,Geek's Lesson,
0TrNa13S6y0,Machine Learning with Python | K-means Clustering,Machine Learning,"<iframe src=""https://www.youtube.com/embed/0TrNa13S6y0"" frameborder=""0"" allow=""accelerometer; autoplay; encrypted-media; gyroscope; picture-in-picture"" allowfullscreen></iframe>",https://i.ytimg.com/vi/0TrNa13S6y0/hqdefault.jpg,Geek's Lesson,
e6dNkvDk120,Object Oriented Programming in C++,C++,"<iframe src=""https://www.youtube.com/embed/e6dNkvDk120&t=870s"" frameborder=""0"" allow=""accelerometer; autoplay; encrypted-media; gyroscope; picture-in-picture"" allowfullscreen></iframe>",https://i.ytimg.com/vi/e6dNkvDk120&t=870s/hqdefault.jpg,Geek's Lesson,
ZnWFYntS_Wo,Introduction to Cryptography for IT Security | Cryptography and IT Security,Security,"<iframe src=""https://www.youtube.com/embed/ZnWFYntS_Wo"" frameborder=""0"" allow=""accelerometer; autoplay; encrypted-media; gyroscope; picture-in-picture"" allowfullscreen></iframe>",https://i.ytimg.com/vi/ZnWFYntS_Wo/hqdefault.jpg,Geek's Lesson,
kZwSqZuBMGg,Linear Algebra for Beginners | Linear algebra for machine learning,Machine Learning,"<iframe src=""https://www.youtube.com/embed/kZwSqZuBMGg&t=22s"" frameborder=""0"" allow=""accelerometer; autoplay; encrypted-media; gyroscope; picture-in-picture"" allowfullscreen></iframe>",https://i.ytimg.com/vi/kZwSqZuBMGg&t=22s/hqdefault.jpg,Geek's Lesson,
2PGnYjbYuUo,Linux Command Line Full course: Beginners to Experts. Bash Command Line Tutorials,Linux,"<iframe src=""https://www.youtube.com/embed/2PGnYjbYuUo&t=2s"" frameborder=""0"" allow=""accelerometer; autoplay; encrypted-media; gyroscope; picture-in-picture"" allowfullscreen></iframe>",https://i.ytimg.com/vi/2PGnYjbYuUo&t=2s/hqdefault.jpg,Geek's Lesson,best
xnt2xSNRNn0,Quantum Physics Full Course | Quantum Mechanics Course | Part 1,Quantum,"<iframe src=""https://www.youtube.com/embed/xnt2xSNRNn0&t=14092s"" frameborder=""0"" allow=""accelerometer; autoplay; encrypted-media; gyroscope; picture-in-picture"" allowfullscreen></iframe>",https://i.ytimg.com/vi/xnt2xSNRNn0&t=14092s/hqdefault.jpg,Geek's Lesson,best
hjZJIVWHnPE,Statistic for beginners | Statistics for Data Science,Statistics,"<iframe src=""https://www.youtube.com/embed/hjZJIVWHnPE"" frameborder=""0"" allow=""accelerometer; autoplay; encrypted-media; gyroscope; picture-in-picture"" allowfullscreen></iframe>",https://i.ytimg.com/vi/hjZJIVWHnPE/hqdefault.jpg,Geek's Lesson,
PhZFrGOcz7E,Programming for Data Science | Machine Learning | R | SPSS | Python | Programming full Course,Machine Learning,"<iframe src=""https://www.youtube.com/embed/PhZFrGOcz7E"" frameborder=""0"" allow=""accelerometer; autoplay; encrypted-media; gyroscope; picture-in-picture"" allowfullscreen></iframe>",https://i.ytimg.com/vi/PhZFrGOcz7E/hqdefault.jpg,Geek's Lesson,
XwS2WTP1PI0,Basic Math for Data Science | Statistics | Probability | Mathematics,Statistics,"<iframe src=""https://www.youtube.com/embed/XwS2WTP1PI0"" frameborder=""0"" allow=""accelerometer; autoplay; encrypted-media; gyroscope; picture-in-picture"" allowfullscreen></iframe>",https://i.ytimg.com/vi/XwS2WTP1PI0/hqdefault.jpg,Geek's Lesson,best
wAm9WrYy4IE,Cyber Security Tutorial 28 - Interpersonal Issues Online,Security,"<iframe src=""https://www.youtube.com/embed/wAm9WrYy4IE"" frameborder=""0"" allow=""accelerometer; autoplay; encrypted-media; gyroscope; picture-in-picture"" allowfullscreen></iframe>",https://i.ytimg.com/vi/wAm9WrYy4IE/hqdefault.jpg,Geek's Lesson,
RyUpaXNeF1o,Cyber Security Tutorial 27-  Reading URLs,Security,"<iframe src=""https://www.youtube.com/embed/RyUpaXNeF1o"" frameborder=""0"" allow=""accelerometer; autoplay; encrypted-media; gyroscope; picture-in-picture"" allowfullscreen></iframe>",https://i.ytimg.com/vi/RyUpaXNeF1o/hqdefault.jpg,Geek's Lesson,
JO9L6z382Rg,Python Django full course | Django Tutorial | Django Web Framework,Python,"<iframe src=""https://www.youtube.com/embed/JO9L6z382Rg&t=4900s"" frameborder=""0"" allow=""accelerometer; autoplay; encrypted-media; gyroscope; picture-in-picture"" allowfullscreen></iframe>",https://i.ytimg.com/vi/JO9L6z382Rg&t=4900s/hqdefault.jpg,Geek's Lesson,
F4cc0J7VRQY,Cyber Security Tutorial 26 - Social Media and Security,Security,"<iframe src=""https://www.youtube.com/embed/F4cc0J7VRQY"" frameborder=""0"" allow=""accelerometer; autoplay; encrypted-media; gyroscope; picture-in-picture"" allowfullscreen></iframe>",https://i.ytimg.com/vi/F4cc0J7VRQY/hqdefault.jpg,Geek's Lesson,
YYHpKPT9Y1I,Cyber Security Tutorial 25 - Social Media and Privacy,Security,"<iframe src=""https://www.youtube.com/embed/YYHpKPT9Y1I"" frameborder=""0"" allow=""accelerometer; autoplay; encrypted-media; gyroscope; picture-in-picture"" allowfullscreen></iframe>",https://i.ytimg.com/vi/YYHpKPT9Y1I/hqdefault.jpg,Geek's Lesson,
YM4k_lxklX0,Cyber Security Tutorial 24:  Administering Wireless Networks,Security,"<iframe src=""https://www.youtube.com/embed/YM4k_lxklX0"" frameborder=""0"" allow=""accelerometer; autoplay; encrypted-media; gyroscope; picture-in-picture"" allowfullscreen></iframe>",https://i.ytimg.com/vi/YM4k_lxklX0/hqdefault.jpg,Geek's Lesson,
6YrOB9arDK8,Cyber Security Tutorial: 23  Using Public Wireless Networks 2,Security,"<iframe src=""https://www.youtube.com/embed/6YrOB9arDK8"" frameborder=""0"" allow=""accelerometer; autoplay; encrypted-media; gyroscope; picture-in-picture"" allowfullscreen></iframe>",https://i.ytimg.com/vi/6YrOB9arDK8/hqdefault.jpg,Geek's Lesson,
dQZHxaFoIDo,Cyber Security Tutorial 21 -  Wireless Network Basics 2,Security,"<iframe src=""https://www.youtube.com/embed/dQZHxaFoIDo"" frameborder=""0"" allow=""accelerometer; autoplay; encrypted-media; gyroscope; picture-in-picture"" allowfullscreen></iframe>",https://i.ytimg.com/vi/dQZHxaFoIDo/hqdefault.jpg,Geek's Lesson,
_9R0Agvb9qA,Data Science for Absolute Beginner | How Data Science Works,Data Science,"<iframe src=""https://www.youtube.com/embed/_9R0Agvb9qA"" frameborder=""0"" allow=""accelerometer; autoplay; encrypted-media; gyroscope; picture-in-picture"" allowfullscreen></iframe>",https://i.ytimg.com/vi/_9R0Agvb9qA/hqdefault.jpg,Geek's Lesson,best
wQA_UtxzHMQ,Cyber Security Tutorial 20:  Online Shopping,Security,"<iframe src=""https://www.youtube.com/embed/wQA_UtxzHMQ&t=19s"" frameborder=""0"" allow=""accelerometer; autoplay; encrypted-media; gyroscope; picture-in-picture"" allowfullscreen></iframe>",https://i.ytimg.com/vi/wQA_UtxzHMQ&t=19s/hqdefault.jpg,Geek's Lesson,
VorY4c3yvB4,Cyber Security Tutorial 19:   Safely Navigating the Web,Security,"<iframe src=""https://www.youtube.com/embed/VorY4c3yvB4"" frameborder=""0"" allow=""accelerometer; autoplay; encrypted-media; gyroscope; picture-in-picture"" allowfullscreen></iframe>",https://i.ytimg.com/vi/VorY4c3yvB4/hqdefault.jpg,Geek's Lesson,
WZAU6dYv8K8,Cyber Security Tutorial 18:  How Web Browsing works,Security,"<iframe src=""https://www.youtube.com/embed/WZAU6dYv8K8"" frameborder=""0"" allow=""accelerometer; autoplay; encrypted-media; gyroscope; picture-in-picture"" allowfullscreen></iframe>",https://i.ytimg.com/vi/WZAU6dYv8K8/hqdefault.jpg,Geek's Lesson,
_H0NyEFYBJY,Cyber Security Tutorial 17 -  Layers of Defense Against Malware 2,Security,"<iframe src=""https://www.youtube.com/embed/_H0NyEFYBJY"" frameborder=""0"" allow=""accelerometer; autoplay; encrypted-media; gyroscope; picture-in-picture"" allowfullscreen></iframe>",https://i.ytimg.com/vi/_H0NyEFYBJY/hqdefault.jpg,Geek's Lesson,
GmmfcxnCniU,Cyber Security Tutorial 16:  Sources of Malware,Security,"<iframe src=""https://www.youtube.com/embed/GmmfcxnCniU"" frameborder=""0"" allow=""accelerometer; autoplay; encrypted-media; gyroscope; picture-in-picture"" allowfullscreen></iframe>",https://i.ytimg.com/vi/GmmfcxnCniU/hqdefault.jpg,Geek's Lesson,
UugbJ7d_QKc,Cyber Security Tutorial 15:  Functions of Malware,Security,"<iframe src=""https://www.youtube.com/embed/UugbJ7d_QKc"" frameborder=""0"" allow=""accelerometer; autoplay; encrypted-media; gyroscope; picture-in-picture"" allowfullscreen></iframe>",https://i.ytimg.com/vi/UugbJ7d_QKc/hqdefault.jpg,Geek's Lesson,
qu7K-9hM7HA,Cyber Security Tutorial 14 -   Varieties of Malware,Security,"<iframe src=""https://www.youtube.com/embed/qu7K-9hM7HA"" frameborder=""0"" allow=""accelerometer; autoplay; encrypted-media; gyroscope; picture-in-picture"" allowfullscreen></iframe>",https://i.ytimg.com/vi/qu7K-9hM7HA/hqdefault.jpg,Geek's Lesson,
W1xJYZ7MaTo,Cyber Security Tutorial 13 -    Email Security,Security,"<iframe src=""https://www.youtube.com/embed/W1xJYZ7MaTo"" frameborder=""0"" allow=""accelerometer; autoplay; encrypted-media; gyroscope; picture-in-picture"" allowfullscreen></iframe>",https://i.ytimg.com/vi/W1xJYZ7MaTo/hqdefault.jpg,Geek's Lesson,
slHmtfpS77s,Cyber Security Tutorial 12 -    How Email Works 2,Security,"<iframe src=""https://www.youtube.com/embed/slHmtfpS77s&t=25s"" frameborder=""0"" allow=""accelerometer; autoplay; encrypted-media; gyroscope; picture-in-picture"" allowfullscreen></iframe>",https://i.ytimg.com/vi/slHmtfpS77s&t=25s/hqdefault.jpg,Geek's Lesson,
U936jp-oYNo,Cyber Security Tutorial 11 -    Managing Passwords 2,Security,"<iframe src=""https://www.youtube.com/embed/U936jp-oYNo"" frameborder=""0"" allow=""accelerometer; autoplay; encrypted-media; gyroscope; picture-in-picture"" allowfullscreen></iframe>",https://i.ytimg.com/vi/U936jp-oYNo/hqdefault.jpg,Geek's Lesson,
UBhSlWzXirQ,Cyber Security Tutorial 10 -   Creating Strong Passwords 2,Security,"<iframe src=""https://www.youtube.com/embed/UBhSlWzXirQ"" frameborder=""0"" allow=""accelerometer; autoplay; encrypted-media; gyroscope; picture-in-picture"" allowfullscreen></iframe>",https://i.ytimg.com/vi/UBhSlWzXirQ/hqdefault.jpg,Geek's Lesson,
8XdJHe1jPuE,Cyber Security Tutorial 9 -   Common Password Threats,Security,"<iframe src=""https://www.youtube.com/embed/8XdJHe1jPuE"" frameborder=""0"" allow=""accelerometer; autoplay; encrypted-media; gyroscope; picture-in-picture"" allowfullscreen></iframe>",https://i.ytimg.com/vi/8XdJHe1jPuE/hqdefault.jpg,Geek's Lesson,
5ulvfoOVYXw,Cyber Security Tutorial 8 -  Passwords and Hash Functions,Security,"<iframe src=""https://www.youtube.com/embed/5ulvfoOVYXw"" frameborder=""0"" allow=""accelerometer; autoplay; encrypted-media; gyroscope; picture-in-picture"" allowfullscreen></iframe>",https://i.ytimg.com/vi/5ulvfoOVYXw/hqdefault.jpg,Geek's Lesson,
IYTPt8-9_7s,Cyber Security Tutorial 7 -   Demystifying the Internet Part 3,Security,"<iframe src=""https://www.youtube.com/embed/IYTPt8-9_7s"" frameborder=""0"" allow=""accelerometer; autoplay; encrypted-media; gyroscope; picture-in-picture"" allowfullscreen></iframe>",https://i.ytimg.com/vi/IYTPt8-9_7s/hqdefault.jpg,Geek's Lesson,
2OtIUT2K6pE,Machine Learning Tutorial: How optimization for machine learning works : part 4,Machine Learning,"<iframe src=""https://www.youtube.com/embed/2OtIUT2K6pE&t=1s"" frameborder=""0"" allow=""accelerometer; autoplay; encrypted-media; gyroscope; picture-in-picture"" allowfullscreen></iframe>",https://i.ytimg.com/vi/2OtIUT2K6pE&t=1s/hqdefault.jpg,Geek's Lesson,
M5sDgFMzTRg,How optimization for machine learning works - Part 3,Machine Learning,"<iframe src=""https://www.youtube.com/embed/M5sDgFMzTRg&t=2s"" frameborder=""0"" allow=""accelerometer; autoplay; encrypted-media; gyroscope; picture-in-picture"" allowfullscreen></iframe>",https://i.ytimg.com/vi/M5sDgFMzTRg&t=2s/hqdefault.jpg,Geek's Lesson,
QSCSxPEo2Ww,Cyber Security Tutorial 6 -  Demystifying the Internet Part 2,Security,"<iframe src=""https://www.youtube.com/embed/QSCSxPEo2Ww&t=1s"" frameborder=""0"" allow=""accelerometer; autoplay; encrypted-media; gyroscope; picture-in-picture"" allowfullscreen></iframe>",https://i.ytimg.com/vi/QSCSxPEo2Ww&t=1s/hqdefault.jpg,Geek's Lesson,
dNjJkp96hwU,Cyber Security Tutorial 5 -  Demystifying the Internet Part 1,Security,"<iframe src=""https://www.youtube.com/embed/dNjJkp96hwU"" frameborder=""0"" allow=""accelerometer; autoplay; encrypted-media; gyroscope; picture-in-picture"" allowfullscreen></iframe>",https://i.ytimg.com/vi/dNjJkp96hwU/hqdefault.jpg,Geek's Lesson,
3o-PhzBt-yE,How optimization for machine learning works - part 2,Machine Learning,"<iframe src=""https://www.youtube.com/embed/3o-PhzBt-yE&t=32s"" frameborder=""0"" allow=""accelerometer; autoplay; encrypted-media; gyroscope; picture-in-picture"" allowfullscreen></iframe>",https://i.ytimg.com/vi/3o-PhzBt-yE&t=32s/hqdefault.jpg,Geek's Lesson,
WqNK9qtU2dU,Cyber Security Tutorial 4:  Demystifying Computers Part 2,Security,"<iframe src=""https://www.youtube.com/embed/WqNK9qtU2dU"" frameborder=""0"" allow=""accelerometer; autoplay; encrypted-media; gyroscope; picture-in-picture"" allowfullscreen></iframe>",https://i.ytimg.com/vi/WqNK9qtU2dU/hqdefault.jpg,Geek's Lesson,
9au5rC5NFmo,Cyber Security Tutorial - Demystifying Computers,Security,"<iframe src=""https://www.youtube.com/embed/9au5rC5NFmo&t=4s"" frameborder=""0"" allow=""accelerometer; autoplay; encrypted-media; gyroscope; picture-in-picture"" allowfullscreen></iframe>",https://i.ytimg.com/vi/9au5rC5NFmo&t=4s/hqdefault.jpg,Geek's Lesson,
8CbrqiHv-R4,Machine Learning Tutorial: How optimization for machine learning works - part 1,Machine Learning,"<iframe src=""https://www.youtube.com/embed/8CbrqiHv-R4&t=2s"" frameborder=""0"" allow=""accelerometer; autoplay; encrypted-media; gyroscope; picture-in-picture"" allowfullscreen></iframe>",https://i.ytimg.com/vi/8CbrqiHv-R4&t=2s/hqdefault.jpg,Geek's Lesson,
FT5f4RsJPMU,Cyber Security - Part 2: Cyber Security Terminology,Security,"<iframe src=""https://www.youtube.com/embed/FT5f4RsJPMU&t=1s"" frameborder=""0"" allow=""accelerometer; autoplay; encrypted-media; gyroscope; picture-in-picture"" allowfullscreen></iframe>",https://i.ytimg.com/vi/FT5f4RsJPMU&t=1s/hqdefault.jpg,Geek's Lesson,
PVO2QXdxrDk,Cyber Security Tutorial - Part 1 : Why Study Cyber Security?,Security,"<iframe src=""https://www.youtube.com/embed/PVO2QXdxrDk&t=2s"" frameborder=""0"" allow=""accelerometer; autoplay; encrypted-media; gyroscope; picture-in-picture"" allowfullscreen></iframe>",https://i.ytimg.com/vi/PVO2QXdxrDk&t=2s/hqdefault.jpg,Geek's Lesson,
XXHIK4iJYek,Machine Learning Algorithms Full Course | Tutorial,Machine Learning,"<iframe src=""https://www.youtube.com/embed/XXHIK4iJYek&t=34s"" frameborder=""0"" allow=""accelerometer; autoplay; encrypted-media; gyroscope; picture-in-picture"" allowfullscreen></iframe>",https://i.ytimg.com/vi/XXHIK4iJYek&t=34s/hqdefault.jpg,Geek's Lesson,
H8wKE4YDB_E,Machine Learning Tutorial - What do neural networks learn ?,Machine Learning,"<iframe src=""https://www.youtube.com/embed/H8wKE4YDB_E"" frameborder=""0"" allow=""accelerometer; autoplay; encrypted-media; gyroscope; picture-in-picture"" allowfullscreen></iframe>",https://i.ytimg.com/vi/H8wKE4YDB_E/hqdefault.jpg,Geek's Lesson,
9otU3oIHxOQ,Practical Deep Learning - Part 3,Deep Learning,"<iframe src=""https://www.youtube.com/embed/9otU3oIHxOQ&t=131s"" frameborder=""0"" allow=""accelerometer; autoplay; encrypted-media; gyroscope; picture-in-picture"" allowfullscreen></iframe>",https://i.ytimg.com/vi/9otU3oIHxOQ&t=131s/hqdefault.jpg,Geek's Lesson,
vuEkaESsrmY,Practical Deep Learning - Part 2,Deep Learning,"<iframe src=""https://www.youtube.com/embed/vuEkaESsrmY&t=3160s"" frameborder=""0"" allow=""accelerometer; autoplay; encrypted-media; gyroscope; picture-in-picture"" allowfullscreen></iframe>",https://i.ytimg.com/vi/vuEkaESsrmY&t=3160s/hqdefault.jpg,Geek's Lesson,
Xams6pd3Opw,Practical Deep Learning - Part 1,Deep Learning,"<iframe src=""https://www.youtube.com/embed/Xams6pd3Opw&t=7344s"" frameborder=""0"" allow=""accelerometer; autoplay; encrypted-media; gyroscope; picture-in-picture"" allowfullscreen></iframe>",https://i.ytimg.com/vi/Xams6pd3Opw&t=7344s/hqdefault.jpg,Geek's Lesson,
uGkIhx8KhbU,SQL Database Fundamentals for Data Science,Data Science,"<iframe src=""https://www.youtube.com/embed/uGkIhx8KhbU&t=5s"" frameborder=""0"" allow=""accelerometer; autoplay; encrypted-media; gyroscope; picture-in-picture"" allowfullscreen></iframe>",https://i.ytimg.com/vi/uGkIhx8KhbU&t=5s/hqdefault.jpg,Geek's Lesson,
PJlAnR3asGQ,Complete Python Course - Beginner to Advanced || Python Programming Full Course,Python,"<iframe src=""https://www.youtube.com/embed/PJlAnR3asGQ&t=3373s"" frameborder=""0"" allow=""accelerometer; autoplay; encrypted-media; gyroscope; picture-in-picture"" allowfullscreen></iframe>",https://i.ytimg.com/vi/PJlAnR3asGQ&t=3373s/hqdefault.jpg,Geek's Lesson,
ilLPz3TZVlo,How to pick a machine learning model 5  Navigating assumptions,Machine Learning,"<iframe src=""https://www.youtube.com/embed/ilLPz3TZVlo&t=19s"" frameborder=""0"" allow=""accelerometer; autoplay; encrypted-media; gyroscope; picture-in-picture"" allowfullscreen></iframe>",https://i.ytimg.com/vi/ilLPz3TZVlo&t=19s/hqdefault.jpg,Geek's Lesson,
WKHagBOW2pQ,How to pick a machine learning model 2  Separating signal from noise,Machine Learning,"<iframe src=""https://www.youtube.com/embed/WKHagBOW2pQ"" frameborder=""0"" allow=""accelerometer; autoplay; encrypted-media; gyroscope; picture-in-picture"" allowfullscreen></iframe>",https://i.ytimg.com/vi/WKHagBOW2pQ/hqdefault.jpg,Geek's Lesson,
zt4kOkT1odc,How to pick a machine learning model 1 - Choosing between models,Machine Learning,"<iframe src=""https://www.youtube.com/embed/zt4kOkT1odc&t=1s"" frameborder=""0"" allow=""accelerometer; autoplay; encrypted-media; gyroscope; picture-in-picture"" allowfullscreen></iframe>",https://i.ytimg.com/vi/zt4kOkT1odc&t=1s/hqdefault.jpg,Geek's Lesson,
HNTREH6Atu4,How to pick a machine learning model 4  Splitting the data,Machine Learning,"<iframe src=""https://www.youtube.com/embed/HNTREH6Atu4"" frameborder=""0"" allow=""accelerometer; autoplay; encrypted-media; gyroscope; picture-in-picture"" allowfullscreen></iframe>",https://i.ytimg.com/vi/HNTREH6Atu4/hqdefault.jpg,Geek's Lesson,
LTjbP-52ZB4,How to pick a machine learning model 3  Choosing a loss function,Machine Learning,"<iframe src=""https://www.youtube.com/embed/LTjbP-52ZB4"" frameborder=""0"" allow=""accelerometer; autoplay; encrypted-media; gyroscope; picture-in-picture"" allowfullscreen></iframe>",https://i.ytimg.com/vi/LTjbP-52ZB4/hqdefault.jpg,Geek's Lesson,
uQFpltTQgSE,Deep Learning Full Course  Super resolution; Image segmentation with Unet || Lesson 14,Deep Learning,"<iframe src=""https://www.youtube.com/embed/uQFpltTQgSE&t=5s"" frameborder=""0"" allow=""accelerometer; autoplay; encrypted-media; gyroscope; picture-in-picture"" allowfullscreen></iframe>",https://i.ytimg.com/vi/uQFpltTQgSE&t=5s/hqdefault.jpg,Geek's Lesson,
2IF4xkBBTzQ,Deep Learning Full Course - Image Enhancement || Deep learning - part 13,Deep Learning,"<iframe src=""https://www.youtube.com/embed/2IF4xkBBTzQ&t=52s"" frameborder=""0"" allow=""accelerometer; autoplay; encrypted-media; gyroscope; picture-in-picture"" allowfullscreen></iframe>",https://i.ytimg.com/vi/2IF4xkBBTzQ&t=52s/hqdefault.jpg,Geek's Lesson,
BeuVfG8MOVk,Deep Learning Full Course - Generative Adversarial Networks GANs || Deep Learning - part 12,Deep Learning,"<iframe src=""https://www.youtube.com/embed/BeuVfG8MOVk"" frameborder=""0"" allow=""accelerometer; autoplay; encrypted-media; gyroscope; picture-in-picture"" allowfullscreen></iframe>",https://i.ytimg.com/vi/BeuVfG8MOVk/hqdefault.jpg,Geek's Lesson,
uB9HZjPJc0g,Deep Learning Full Course - Neural Translation || Deep Learning - part 11,Deep Learning,"<iframe src=""https://www.youtube.com/embed/uB9HZjPJc0g"" frameborder=""0"" allow=""accelerometer; autoplay; encrypted-media; gyroscope; picture-in-picture"" allowfullscreen></iframe>",https://i.ytimg.com/vi/uB9HZjPJc0g/hqdefault.jpg,Geek's Lesson,
mswiXIcb0Wk,Deep Learning Full Course - NLP Classification and Translation || Deep Learning - part 10,Deep Learning,"<iframe src=""https://www.youtube.com/embed/mswiXIcb0Wk"" frameborder=""0"" allow=""accelerometer; autoplay; encrypted-media; gyroscope; picture-in-picture"" allowfullscreen></iframe>",https://i.ytimg.com/vi/mswiXIcb0Wk/hqdefault.jpg,Geek's Lesson,
YyVrSSsV3Q8,Deep Learning for Beginner - Advance Full Course - Multi object detection - Part 9,Deep Learning,"<iframe src=""https://www.youtube.com/embed/YyVrSSsV3Q8"" frameborder=""0"" allow=""accelerometer; autoplay; encrypted-media; gyroscope; picture-in-picture"" allowfullscreen></iframe>",https://i.ytimg.com/vi/YyVrSSsV3Q8/hqdefault.jpg,Geek's Lesson,
YiL4BlSFRlg,Deep Learning for Beginner to Advance Full course || Deep learning - part 8  Single object detection,Deep Learning,"<iframe src=""https://www.youtube.com/embed/YiL4BlSFRlg"" frameborder=""0"" allow=""accelerometer; autoplay; encrypted-media; gyroscope; picture-in-picture"" allowfullscreen></iframe>",https://i.ytimg.com/vi/YiL4BlSFRlg/hqdefault.jpg,Geek's Lesson,
pGeeODrxuMc,Deep Learning for Beginner to Advance Full course || Deep learning tutorial - part 7,Deep Learning,"<iframe src=""https://www.youtube.com/embed/pGeeODrxuMc"" frameborder=""0"" allow=""accelerometer; autoplay; encrypted-media; gyroscope; picture-in-picture"" allowfullscreen></iframe>",https://i.ytimg.com/vi/pGeeODrxuMc/hqdefault.jpg,Geek's Lesson,
iNUvuRxW82Y,Deep Learning for Beginner to Advance Full course || Deep learning tutorial - part 6,Deep Learning,"<iframe src=""https://www.youtube.com/embed/iNUvuRxW82Y"" frameborder=""0"" allow=""accelerometer; autoplay; encrypted-media; gyroscope; picture-in-picture"" allowfullscreen></iframe>",https://i.ytimg.com/vi/iNUvuRxW82Y/hqdefault.jpg,Geek's Lesson,
LnbpnIodxXA,Deep Learning for Beginner to Advance Full course || Deep learning tutorial - part 5,Deep Learning,"<iframe src=""https://www.youtube.com/embed/LnbpnIodxXA"" frameborder=""0"" allow=""accelerometer; autoplay; encrypted-media; gyroscope; picture-in-picture"" allowfullscreen></iframe>",https://i.ytimg.com/vi/LnbpnIodxXA/hqdefault.jpg,Geek's Lesson,
LkqcMaAVDwo,Deep Learning for Beginner to Advance || Deep Learning Tutorial - Part 4,Deep Learning,"<iframe src=""https://www.youtube.com/embed/LkqcMaAVDwo"" frameborder=""0"" allow=""accelerometer; autoplay; encrypted-media; gyroscope; picture-in-picture"" allowfullscreen></iframe>",https://i.ytimg.com/vi/LkqcMaAVDwo/hqdefault.jpg,Geek's Lesson,
mH3FtiY6AKc,Deep Learning for Beginner to Advance || Deep Learning - Part 3,Deep Learning,"<iframe src=""https://www.youtube.com/embed/mH3FtiY6AKc&t=9s"" frameborder=""0"" allow=""accelerometer; autoplay; encrypted-media; gyroscope; picture-in-picture"" allowfullscreen></iframe>",https://i.ytimg.com/vi/mH3FtiY6AKc&t=9s/hqdefault.jpg,Geek's Lesson,
JHbY96fte9c,Deep Learning for Beginner to Advance || Deep Learning - Part 2,Deep Learning,"<iframe src=""https://www.youtube.com/embed/JHbY96fte9c"" frameborder=""0"" allow=""accelerometer; autoplay; encrypted-media; gyroscope; picture-in-picture"" allowfullscreen></iframe>",https://i.ytimg.com/vi/JHbY96fte9c/hqdefault.jpg,Geek's Lesson,
80L4pE1X_oQ,Machine Learning in JavaScript TensorFlow.js,Machine Learning,"<iframe src=""https://www.youtube.com/embed/80L4pE1X_oQ"" frameborder=""0"" allow=""accelerometer; autoplay; encrypted-media; gyroscope; picture-in-picture"" allowfullscreen></iframe>",https://i.ytimg.com/vi/80L4pE1X_oQ/hqdefault.jpg,Geek's Lesson,
gNV9EqwXCpw,Complete Data Science Overview By Microsoft || Data Science for Beginners || What is Data Science,Data Science,"<iframe src=""https://www.youtube.com/embed/gNV9EqwXCpw&t=53s"" frameborder=""0"" allow=""accelerometer; autoplay; encrypted-media; gyroscope; picture-in-picture"" allowfullscreen></iframe>",https://i.ytimg.com/vi/gNV9EqwXCpw&t=53s/hqdefault.jpg,Geek's Lesson,
6MYF6Zo6i6A,Complete IT Security Course By Google || Cyber Security Full Course for Beginner,Security,"<iframe src=""https://www.youtube.com/embed/6MYF6Zo6i6A&t=2s"" frameborder=""0"" allow=""accelerometer; autoplay; encrypted-media; gyroscope; picture-in-picture"" allowfullscreen></iframe>",https://i.ytimg.com/vi/6MYF6Zo6i6A&t=2s/hqdefault.jpg,Geek's Lesson,
DKDXFRlyHkc,C++ Programming For Beginners  9:  Memory Management,C++,"<iframe src=""https://www.youtube.com/embed/DKDXFRlyHkc&t=31s"" frameborder=""0"" allow=""accelerometer; autoplay; encrypted-media; gyroscope; picture-in-picture"" allowfullscreen></iframe>",https://i.ytimg.com/vi/DKDXFRlyHkc&t=31s/hqdefault.jpg,Geek's Lesson,
WPjdTzrIg10,C++ Programming For Beginners   10  Pointers,C++,"<iframe src=""https://www.youtube.com/embed/WPjdTzrIg10&t=11s"" frameborder=""0"" allow=""accelerometer; autoplay; encrypted-media; gyroscope; picture-in-picture"" allowfullscreen></iframe>",https://i.ytimg.com/vi/WPjdTzrIg10&t=11s/hqdefault.jpg,Geek's Lesson,
U-OSbbqSHAA,C++ Programming For Beginners   11:  References,C++,"<iframe src=""https://www.youtube.com/embed/U-OSbbqSHAA"" frameborder=""0"" allow=""accelerometer; autoplay; encrypted-media; gyroscope; picture-in-picture"" allowfullscreen></iframe>",https://i.ytimg.com/vi/U-OSbbqSHAA/hqdefault.jpg,Geek's Lesson,
pBuPeC4w_cE,C++ Programming For Beginners   8  Vectors,C++,"<iframe src=""https://www.youtube.com/embed/pBuPeC4w_cE&t=11s"" frameborder=""0"" allow=""accelerometer; autoplay; encrypted-media; gyroscope; picture-in-picture"" allowfullscreen></iframe>",https://i.ytimg.com/vi/pBuPeC4w_cE&t=11s/hqdefault.jpg,Geek's Lesson,
hs3uhXz6BNk,C++ Programming For Beginners   7  Arrays,C++,"<iframe src=""https://www.youtube.com/embed/hs3uhXz6BNk"" frameborder=""0"" allow=""accelerometer; autoplay; encrypted-media; gyroscope; picture-in-picture"" allowfullscreen></iframe>",https://i.ytimg.com/vi/hs3uhXz6BNk/hqdefault.jpg,Geek's Lesson,
iFet7PUsT4Y,C++ Programming For Beginners   6  Virtual Functions,C++,"<iframe src=""https://www.youtube.com/embed/iFet7PUsT4Y"" frameborder=""0"" allow=""accelerometer; autoplay; encrypted-media; gyroscope; picture-in-picture"" allowfullscreen></iframe>",https://i.ytimg.com/vi/iFet7PUsT4Y/hqdefault.jpg,Geek's Lesson,
Ngs6_5E9I7Q,C++ Programming For Beginners   5  Class Inheritance,C++,"<iframe src=""https://www.youtube.com/embed/Ngs6_5E9I7Q&t=7s"" frameborder=""0"" allow=""accelerometer; autoplay; encrypted-media; gyroscope; picture-in-picture"" allowfullscreen></iframe>",https://i.ytimg.com/vi/Ngs6_5E9I7Q&t=7s/hqdefault.jpg,Geek's Lesson,
YU8uQGcEO6k,C++ Programming For Beginners   4  Classes,C++,"<iframe src=""https://www.youtube.com/embed/YU8uQGcEO6k&t=2s"" frameborder=""0"" allow=""accelerometer; autoplay; encrypted-media; gyroscope; picture-in-picture"" allowfullscreen></iframe>",https://i.ytimg.com/vi/YU8uQGcEO6k&t=2s/hqdefault.jpg,Geek's Lesson,
0jNC-a36t-U,C++ Programming For Beginners   2  Statements,C++,"<iframe src=""https://www.youtube.com/embed/0jNC-a36t-U&t=3s"" frameborder=""0"" allow=""accelerometer; autoplay; encrypted-media; gyroscope; picture-in-picture"" allowfullscreen></iframe>",https://i.ytimg.com/vi/0jNC-a36t-U&t=3s/hqdefault.jpg,Geek's Lesson,
OG16PUG2IMQ,C++ Programming For Beginners   3  Functions,C++,"<iframe src=""https://www.youtube.com/embed/OG16PUG2IMQ"" frameborder=""0"" allow=""accelerometer; autoplay; encrypted-media; gyroscope; picture-in-picture"" allowfullscreen></iframe>",https://i.ytimg.com/vi/OG16PUG2IMQ/hqdefault.jpg,Geek's Lesson,
Ief9S7d5V5U,C++ Programming For Beginners   1  ::  Explanation on  - Variables,C++,"<iframe src=""https://www.youtube.com/embed/Ief9S7d5V5U"" frameborder=""0"" allow=""accelerometer; autoplay; encrypted-media; gyroscope; picture-in-picture"" allowfullscreen></iframe>",https://i.ytimg.com/vi/Ief9S7d5V5U/hqdefault.jpg,Geek's Lesson,
0N4D11z6TXE,C++ Programming For Beginners 0 : Introduction to C++  Getting Started,C++,"<iframe src=""https://www.youtube.com/embed/0N4D11z6TXE&t=53s"" frameborder=""0"" allow=""accelerometer; autoplay; encrypted-media; gyroscope; picture-in-picture"" allowfullscreen></iframe>",https://i.ytimg.com/vi/0N4D11z6TXE&t=53s/hqdefault.jpg,Geek's Lesson,
J1_A-rdNBNQ,Complete Machine Learning Course for Beginners || Machine Learning Tutorial for Beginners,Machine Learning,"<iframe src=""https://www.youtube.com/embed/J1_A-rdNBNQ&t=10s"" frameborder=""0"" allow=""accelerometer; autoplay; encrypted-media; gyroscope; picture-in-picture"" allowfullscreen></iframe>",https://i.ytimg.com/vi/J1_A-rdNBNQ&t=10s/hqdefault.jpg,Geek's Lesson,
Vpuv9Cq41K0,Practical Statistics Full Course || Learn Statistics with Examples,Statistics,"<iframe src=""https://www.youtube.com/embed/Vpuv9Cq41K0"" frameborder=""0"" allow=""accelerometer; autoplay; encrypted-media; gyroscope; picture-in-picture"" allowfullscreen></iframe>",https://i.ytimg.com/vi/Vpuv9Cq41K0/hqdefault.jpg,My CS,new
0vvUkancccU,Information Security Tutorial,Security,"<iframe src=""https://www.youtube.com/embed/0vvUkancccU"" frameborder=""0"" allow=""accelerometer; autoplay; encrypted-media; gyroscope; picture-in-picture"" allowfullscreen></iframe>",https://i.ytimg.com/vi/0vvUkancccU/hqdefault.jpg,My CS,new
gXEXfYaxlDs,Network Security Tutorial Course for Beginners,Security,"<iframe src=""https://www.youtube.com/embed/gXEXfYaxlDs"" frameborder=""0"" allow=""accelerometer; autoplay; encrypted-media; gyroscope; picture-in-picture"" allowfullscreen></iframe>",https://i.ytimg.com/vi/gXEXfYaxlDs/hqdefault.jpg,My CS,new
SPvY6l6mYBs,Data Analysis with Python || Python Data Analysis,Python,"<iframe src=""https://www.youtube.com/embed/SPvY6l6mYBs&t=18s"" frameborder=""0"" allow=""accelerometer; autoplay; encrypted-media; gyroscope; picture-in-picture"" allowfullscreen></iframe>",https://i.ytimg.com/vi/SPvY6l6mYBs&t=18s/hqdefault.jpg,My CS,
5vsMjvS_TOI,Analysis of Variance (ANOVA) Overview in Statistics,Statistics,"<iframe src=""https://www.youtube.com/embed/5vsMjvS_TOI"" frameborder=""0"" allow=""accelerometer; autoplay; encrypted-media; gyroscope; picture-in-picture"" allowfullscreen></iframe>",https://i.ytimg.com/vi/5vsMjvS_TOI/hqdefault.jpg,My CS,
0PbTi_Prpgs,Computer Networking Complete Course - Basic to Advanced,Networking,"<iframe src=""https://www.youtube.com/embed/0PbTi_Prpgs"" frameborder=""0"" allow=""accelerometer; autoplay; encrypted-media; gyroscope; picture-in-picture"" allowfullscreen></iframe>",https://i.ytimg.com/vi/0PbTi_Prpgs/hqdefault.jpg,My CS,
5jIIOkA0NpI,Linux Tutorial For Beginners || Linux Command Line Tutorial,Linux,"<iframe src=""https://www.youtube.com/embed/5jIIOkA0NpI"" frameborder=""0"" allow=""accelerometer; autoplay; encrypted-media; gyroscope; picture-in-picture"" allowfullscreen></iframe>",https://i.ytimg.com/vi/5jIIOkA0NpI/hqdefault.jpg,My CS,
xBFnYt61NYs,Biostatistics Tutorial Full course for Beginners to Experts,Statistics,"<iframe src=""https://www.youtube.com/embed/xBFnYt61NYs"" frameborder=""0"" allow=""accelerometer; autoplay; encrypted-media; gyroscope; picture-in-picture"" allowfullscreen></iframe>",https://i.ytimg.com/vi/xBFnYt61NYs/hqdefault.jpg,My CS,best
_F7_zB3BYQ0,Algebra for Beginners | Algebra Full Course,Algebra,"<iframe src=""https://www.youtube.com/embed/_F7_zB3BYQ0"" frameborder=""0"" allow=""accelerometer; autoplay; encrypted-media; gyroscope; picture-in-picture"" allowfullscreen></iframe>",https://i.ytimg.com/vi/_F7_zB3BYQ0/hqdefault.jpg,My CS,best
ZUJftlqr0LY,Python Tutorial for Beginners [Full Course] - Learn Python Full Course [2020],Python,"<iframe src=""https://www.youtube.com/embed/ZUJftlqr0LY"" frameborder=""0"" allow=""accelerometer; autoplay; encrypted-media; gyroscope; picture-in-picture"" allowfullscreen></iframe>",https://i.ytimg.com/vi/ZUJftlqr0LY/hqdefault.jpg,My CS,
y9LJoa79GEk,Cyber Security for beginners || Introduction to Cybersecurity,Security,"<iframe src=""https://www.youtube.com/embed/y9LJoa79GEk"" frameborder=""0"" allow=""accelerometer; autoplay; encrypted-media; gyroscope; picture-in-picture"" allowfullscreen></iframe>",https://i.ytimg.com/vi/y9LJoa79GEk/hqdefault.jpg,My CS,
iaeLv-ilMA0,Probability statistics tutorial || Probability for data science,Statistics,"<iframe src=""https://www.youtube.com/embed/iaeLv-ilMA0"" frameborder=""0"" allow=""accelerometer; autoplay; encrypted-media; gyroscope; picture-in-picture"" allowfullscreen></iframe>",https://i.ytimg.com/vi/iaeLv-ilMA0/hqdefault.jpg,My CS,
tVQZvJwi-ec,Mathematics for Machine Learning: Linear Algebra || Linear Algebra for Machine Learning,Machine Learning,"<iframe src=""https://www.youtube.com/embed/tVQZvJwi-ec"" frameborder=""0"" allow=""accelerometer; autoplay; encrypted-media; gyroscope; picture-in-picture"" allowfullscreen></iframe>",https://i.ytimg.com/vi/tVQZvJwi-ec/hqdefault.jpg,My CS,best
O4pJeXgOJDs,CompTIA Security+ Full Course,Security,"<iframe src=""https://www.youtube.com/embed/O4pJeXgOJDs&t=10s"" frameborder=""0"" allow=""accelerometer; autoplay; encrypted-media; gyroscope; picture-in-picture"" allowfullscreen></iframe>",https://i.ytimg.com/vi/O4pJeXgOJDs&t=10s/hqdefault.jpg,My CS,
MZzBF4Z7gt4,Database Storage Full Course,Database,"<iframe src=""https://www.youtube.com/embed/MZzBF4Z7gt4"" frameborder=""0"" allow=""accelerometer; autoplay; encrypted-media; gyroscope; picture-in-picture"" allowfullscreen></iframe>",https://i.ytimg.com/vi/MZzBF4Z7gt4/hqdefault.jpg,My CS,
TaqFeaAEtvM,Probability for Quantum Mechanics,Quantum,"<iframe src=""https://www.youtube.com/embed/TaqFeaAEtvM"" frameborder=""0"" allow=""accelerometer; autoplay; encrypted-media; gyroscope; picture-in-picture"" allowfullscreen></iframe>",https://i.ytimg.com/vi/TaqFeaAEtvM/hqdefault.jpg,My CS,
R3VlD0ohKwc,Linear Algebra for Beginners,Algebra,"<iframe src=""https://www.youtube.com/embed/R3VlD0ohKwc&t=1s"" frameborder=""0"" allow=""accelerometer; autoplay; encrypted-media; gyroscope; picture-in-picture"" allowfullscreen></iframe>",https://i.ytimg.com/vi/R3VlD0ohKwc&t=1s/hqdefault.jpg,My CS,
z8K4p1ffQek,Quantum Computing for Beginners | How to get started with Quantum Computing,Quantum,"<iframe src=""https://www.youtube.com/embed/z8K4p1ffQek"" frameborder=""0"" allow=""accelerometer; autoplay; encrypted-media; gyroscope; picture-in-picture"" allowfullscreen></iframe>",https://i.ytimg.com/vi/z8K4p1ffQek/hqdefault.jpg,My CS,
wqPGUdNjSP8,Python Programming  Full Course for Beginners | Basic to Advance,Python,"<iframe src=""https://www.youtube.com/embed/wqPGUdNjSP8"" frameborder=""0"" allow=""accelerometer; autoplay; encrypted-media; gyroscope; picture-in-picture"" allowfullscreen></iframe>",https://i.ytimg.com/vi/wqPGUdNjSP8/hqdefault.jpg,My CS,
xV-S0iC0mEY,Data Science with R for Beginners,Data Science,"<iframe src=""https://www.youtube.com/embed/xV-S0iC0mEY"" frameborder=""0"" allow=""accelerometer; autoplay; encrypted-media; gyroscope; picture-in-picture"" allowfullscreen></iframe>",https://i.ytimg.com/vi/xV-S0iC0mEY/hqdefault.jpg,My CS,
QQCMOc8yB70,Quantum Physics Full Course | Quantum Mechanics Course | Part 2,Quantum,"<iframe src=""https://www.youtube.com/embed/QQCMOc8yB70"" frameborder=""0"" allow=""accelerometer; autoplay; encrypted-media; gyroscope; picture-in-picture"" allowfullscreen></iframe>",https://i.ytimg.com/vi/QQCMOc8yB70/hqdefault.jpg,My CS,
klxMhulYUQk,R programming for Beginners | R programming for data Science,Data Science,"<iframe src=""https://www.youtube.com/embed/klxMhulYUQk"" frameborder=""0"" allow=""accelerometer; autoplay; encrypted-media; gyroscope; picture-in-picture"" allowfullscreen></iframe>",https://i.ytimg.com/vi/klxMhulYUQk/hqdefault.jpg,My CS,
w-gQWNQB7pA,Curve fitting in Python | Data Analysis Tutorial: Curve fitting,Python,"<iframe src=""https://www.youtube.com/embed/w-gQWNQB7pA"" frameborder=""0"" allow=""accelerometer; autoplay; encrypted-media; gyroscope; picture-in-picture"" allowfullscreen></iframe>",https://i.ytimg.com/vi/w-gQWNQB7pA/hqdefault.jpg,My CS,
n50wMA9Lct8,Learn Machine Learning: FULL Course for Beginners [Without Math],Machine Learning,"<iframe src=""https://www.youtube.com/embed/n50wMA9Lct8"" frameborder=""0"" allow=""accelerometer; autoplay; encrypted-media; gyroscope; picture-in-picture"" allowfullscreen></iframe>",https://i.ytimg.com/vi/n50wMA9Lct8/hqdefault.jpg,My CS,
jHX0iHh6G1Q,Data Science Full Course for Beginner | Data Science Tutorial,Data Science,"<iframe src=""https://www.youtube.com/embed/jHX0iHh6G1Q"" frameborder=""0"" allow=""accelerometer; autoplay; encrypted-media; gyroscope; picture-in-picture"" allowfullscreen></iframe>",https://i.ytimg.com/vi/jHX0iHh6G1Q/hqdefault.jpg,My CS,
j31xawnfvXs,Practical Python Programming from Basic to Advance| Python Programming Full Course,Python,"<iframe src=""https://www.youtube.com/embed/j31xawnfvXs"" frameborder=""0"" allow=""accelerometer; autoplay; encrypted-media; gyroscope; picture-in-picture"" allowfullscreen></iframe>",https://i.ytimg.com/vi/j31xawnfvXs/hqdefault.jpg,My CS,
74oUwKezFho,Statistics full Course for Beginner | Statistics for Data Science,Statistics,"<iframe src=""https://www.youtube.com/embed/74oUwKezFho"" frameborder=""0"" allow=""accelerometer; autoplay; encrypted-media; gyroscope; picture-in-picture"" allowfullscreen></iframe>",https://i.ytimg.com/vi/74oUwKezFho/hqdefault.jpg,My CS,
mzsXqD9-Gl4,Machine Learning Optimization course: How Optimization for Machine Learning works?,Machine Learning,"<iframe src=""https://www.youtube.com/embed/mzsXqD9-Gl4"" frameborder=""0"" allow=""accelerometer; autoplay; encrypted-media; gyroscope; picture-in-picture"" allowfullscreen></iframe>",https://i.ytimg.com/vi/mzsXqD9-Gl4/hqdefault.jpg,My CS,
87jyeklhTH8,Data visualization with plotly | Python Plotly Tutorial,Python,"<iframe src=""https://www.youtube.com/embed/87jyeklhTH8"" frameborder=""0"" allow=""accelerometer; autoplay; encrypted-media; gyroscope; picture-in-picture"" allowfullscreen></iframe>",https://i.ytimg.com/vi/87jyeklhTH8/hqdefault.jpg,My CS,
qdoJ67-bDs4,Machine Learning Algorithms Full Course | Learn About How ML Algorithms Works!,Machine Learning,"<iframe src=""https://www.youtube.com/embed/qdoJ67-bDs4"" frameborder=""0"" allow=""accelerometer; autoplay; encrypted-media; gyroscope; picture-in-picture"" allowfullscreen></iframe>",https://i.ytimg.com/vi/qdoJ67-bDs4/hqdefault.jpg,My CS,
U_P23SqJaDc,Cyber Security Full Course for Beginner,Security,"<iframe src=""https://www.youtube.com/embed/U_P23SqJaDc"" frameborder=""0"" allow=""accelerometer; autoplay; encrypted-media; gyroscope; picture-in-picture"" allowfullscreen></iframe>",https://i.ytimg.com/vi/U_P23SqJaDc/hqdefault.jpg,My CS,best
BqHpkek-0kc,"How optimization for machine learning works, part 1",Machine Learning,"<iframe src=""https://www.youtube.com/embed/BqHpkek-0kc"" frameborder=""0"" allow=""accelerometer; autoplay; encrypted-media; gyroscope; picture-in-picture"" allowfullscreen></iframe>",https://i.ytimg.com/vi/BqHpkek-0kc/hqdefault.jpg,My CS,
7X0eN8Yu1Es,"How optimization for machine learning works, part 2",Machine Learning,"<iframe src=""https://www.youtube.com/embed/7X0eN8Yu1Es"" frameborder=""0"" allow=""accelerometer; autoplay; encrypted-media; gyroscope; picture-in-picture"" allowfullscreen></iframe>",https://i.ytimg.com/vi/7X0eN8Yu1Es/hqdefault.jpg,My CS,
3Q6tKuh2erk,How optimization for machine learning works - part 3,Machine Learning,"<iframe src=""https://www.youtube.com/embed/3Q6tKuh2erk"" frameborder=""0"" allow=""accelerometer; autoplay; encrypted-media; gyroscope; picture-in-picture"" allowfullscreen></iframe>",https://i.ytimg.com/vi/3Q6tKuh2erk/hqdefault.jpg,My CS,
F2Gez6CAwDU,"How optimization for machine learning works, part 4",Machine Learning,"<iframe src=""https://www.youtube.com/embed/F2Gez6CAwDU"" frameborder=""0"" allow=""accelerometer; autoplay; encrypted-media; gyroscope; picture-in-picture"" allowfullscreen></iframe>",https://i.ytimg.com/vi/F2Gez6CAwDU/hqdefault.jpg,My CS,
IqidVlSMrI8,AI + Machine Learning for  NET Developers,Machine Learning,"<iframe src=""https://www.youtube.com/embed/IqidVlSMrI8"" frameborder=""0"" allow=""accelerometer; autoplay; encrypted-media; gyroscope; picture-in-picture"" allowfullscreen></iframe>",https://i.ytimg.com/vi/IqidVlSMrI8/hqdefault.jpg,My CS,
idp6SZsBLQg,What is ML NET? Machine Learning in  NET - ML NET.,Machine Learning,"<iframe src=""https://www.youtube.com/embed/idp6SZsBLQg"" frameborder=""0"" allow=""accelerometer; autoplay; encrypted-media; gyroscope; picture-in-picture"" allowfullscreen></iframe>",https://i.ytimg.com/vi/idp6SZsBLQg/hqdefault.jpg,My CS,
janq4f_TvLc,Machine Learning Full Course  -  Lesson 11,Machine Learning,"<iframe src=""https://www.youtube.com/embed/janq4f_TvLc"" frameborder=""0"" allow=""accelerometer; autoplay; encrypted-media; gyroscope; picture-in-picture"" allowfullscreen></iframe>",https://i.ytimg.com/vi/janq4f_TvLc/hqdefault.jpg,My CS,
ocTwqjmrh1o,Intro to Machine Learning -  Lesson 7,Machine Learning,"<iframe src=""https://www.youtube.com/embed/ocTwqjmrh1o"" frameborder=""0"" allow=""accelerometer; autoplay; encrypted-media; gyroscope; picture-in-picture"" allowfullscreen></iframe>",https://i.ytimg.com/vi/ocTwqjmrh1o/hqdefault.jpg,My CS,
pjYNUSAmyFQ,Machine Learning Full Course -  Lesson 12,Machine Learning,"<iframe src=""https://www.youtube.com/embed/pjYNUSAmyFQ"" frameborder=""0"" allow=""accelerometer; autoplay; encrypted-media; gyroscope; picture-in-picture"" allowfullscreen></iframe>",https://i.ytimg.com/vi/pjYNUSAmyFQ/hqdefault.jpg,My CS,
jDJsT3zm-NE,Machine Learning full course - Intro to Machine Learning  Lesson 2,Machine Learning,"<iframe src=""https://www.youtube.com/embed/jDJsT3zm-NE"" frameborder=""0"" allow=""accelerometer; autoplay; encrypted-media; gyroscope; picture-in-picture"" allowfullscreen></iframe>",https://i.ytimg.com/vi/jDJsT3zm-NE/hqdefault.jpg,My CS,
TddYzaNaTi4,Intro to Machine Learning - Lesson 3,Machine Learning,"<iframe src=""https://www.youtube.com/embed/TddYzaNaTi4"" frameborder=""0"" allow=""accelerometer; autoplay; encrypted-media; gyroscope; picture-in-picture"" allowfullscreen></iframe>",https://i.ytimg.com/vi/TddYzaNaTi4/hqdefault.jpg,My CS,
zKkcQSWNJYU,Machine Learning  Full course  -  Lesson 10,Machine Learning,"<iframe src=""https://www.youtube.com/embed/zKkcQSWNJYU"" frameborder=""0"" allow=""accelerometer; autoplay; encrypted-media; gyroscope; picture-in-picture"" allowfullscreen></iframe>",https://i.ytimg.com/vi/zKkcQSWNJYU/hqdefault.jpg,My CS,
igQz1faaAgM,Machine Learning  Full course  -  Lesson 4,Machine Learning,"<iframe src=""https://www.youtube.com/embed/igQz1faaAgM"" frameborder=""0"" allow=""accelerometer; autoplay; encrypted-media; gyroscope; picture-in-picture"" allowfullscreen></iframe>",https://i.ytimg.com/vi/igQz1faaAgM/hqdefault.jpg,My CS,
9L5IHWTVyEs,Machine Learning Course || Intro to Machine Learning  Lesson 1,Machine Learning,"<iframe src=""https://www.youtube.com/embed/9L5IHWTVyEs"" frameborder=""0"" allow=""accelerometer; autoplay; encrypted-media; gyroscope; picture-in-picture"" allowfullscreen></iframe>",https://i.ytimg.com/vi/9L5IHWTVyEs/hqdefault.jpg,My CS,
238qyaVR1zs,Machine Learning  Full course  -  Lesson 8,Machine Learning,"<iframe src=""https://www.youtube.com/embed/238qyaVR1zs"" frameborder=""0"" allow=""accelerometer; autoplay; encrypted-media; gyroscope; picture-in-picture"" allowfullscreen></iframe>",https://i.ytimg.com/vi/238qyaVR1zs/hqdefault.jpg,My CS,
fOH7LnXVInA,Machine Learning  Full course  -  Lesson 6,Machine Learning,"<iframe src=""https://www.youtube.com/embed/fOH7LnXVInA"" frameborder=""0"" allow=""accelerometer; autoplay; encrypted-media; gyroscope; picture-in-picture"" allowfullscreen></iframe>",https://i.ytimg.com/vi/fOH7LnXVInA/hqdefault.jpg,My CS,
5DkDF-DO4Bg,Machine Learning full course - Lesson 5 || Machine Learning for Beginner,Machine Learning,"<iframe src=""https://www.youtube.com/embed/5DkDF-DO4Bg"" frameborder=""0"" allow=""accelerometer; autoplay; encrypted-media; gyroscope; picture-in-picture"" allowfullscreen></iframe>",https://i.ytimg.com/vi/5DkDF-DO4Bg/hqdefault.jpg,My CS,
p6hSelYbIqA,Machine Learning  Full course  -  Lesson 9,Machine Learning,"<iframe src=""https://www.youtube.com/embed/p6hSelYbIqA"" frameborder=""0"" allow=""accelerometer; autoplay; encrypted-media; gyroscope; picture-in-picture"" allowfullscreen></iframe>",https://i.ytimg.com/vi/p6hSelYbIqA/hqdefault.jpg,My CS,
2pv7Eq2s4cw,Intro to the Python Data Model and Pythonic Programming,Python,"<iframe src=""https://www.youtube.com/embed/2pv7Eq2s4cw"" frameborder=""0"" allow=""accelerometer; autoplay; encrypted-media; gyroscope; picture-in-picture"" allowfullscreen></iframe>",https://i.ytimg.com/vi/2pv7Eq2s4cw/hqdefault.jpg,My CS,
V6bji_r3gks,How Python Loop Works Under the Hood. A Deeper look at iteration in Python,Python,"<iframe src=""https://www.youtube.com/embed/V6bji_r3gks"" frameborder=""0"" allow=""accelerometer; autoplay; encrypted-media; gyroscope; picture-in-picture"" allowfullscreen></iframe>",https://i.ytimg.com/vi/V6bji_r3gks/hqdefault.jpg,My CS,
zKs7ApaDh5w,Learn maths with python! || How to learn Mathematics with Python programming?,Python,"<iframe src=""https://www.youtube.com/embed/zKs7ApaDh5w"" frameborder=""0"" allow=""accelerometer; autoplay; encrypted-media; gyroscope; picture-in-picture"" allowfullscreen></iframe>",https://i.ytimg.com/vi/zKs7ApaDh5w/hqdefault.jpg,My CS,
7mIMeQer3XM,How to trace Python code? || Running Python on your brain computer,Python,"<iframe src=""https://www.youtube.com/embed/7mIMeQer3XM"" frameborder=""0"" allow=""accelerometer; autoplay; encrypted-media; gyroscope; picture-in-picture"" allowfullscreen></iframe>",https://i.ytimg.com/vi/7mIMeQer3XM/hqdefault.jpg,My CS,
DATmKeLCSA0,"Raspberry Pi project || Automating Your Home with Python, Raspberry Pi and Homekit   YouTube",Python,"<iframe src=""https://www.youtube.com/embed/DATmKeLCSA0"" frameborder=""0"" allow=""accelerometer; autoplay; encrypted-media; gyroscope; picture-in-picture"" allowfullscreen></iframe>",https://i.ytimg.com/vi/DATmKeLCSA0/hqdefault.jpg,My CS,
ty1d5KQ4cJA,Easier Python Classes ||  Python Classes Without All the Cruft,Python,"<iframe src=""https://www.youtube.com/embed/ty1d5KQ4cJA"" frameborder=""0"" allow=""accelerometer; autoplay; encrypted-media; gyroscope; picture-in-picture"" allowfullscreen></iframe>",https://i.ytimg.com/vi/ty1d5KQ4cJA/hqdefault.jpg,My CS,
H-u2X7pWc2o,Generating Music with Python and FoxDot || Foxdot Tutorial,Python,"<iframe src=""https://www.youtube.com/embed/H-u2X7pWc2o"" frameborder=""0"" allow=""accelerometer; autoplay; encrypted-media; gyroscope; picture-in-picture"" allowfullscreen></iframe>",https://i.ytimg.com/vi/H-u2X7pWc2o/hqdefault.jpg,My CS,
oEwbVjuPCv0,How to Get Started with Deep Learning? Easy and Fast way\/,Deep Learning,"<iframe src=""https://www.youtube.com/embed/oEwbVjuPCv0"" frameborder=""0"" allow=""accelerometer; autoplay; encrypted-media; gyroscope; picture-in-picture"" allowfullscreen></iframe>",https://i.ytimg.com/vi/oEwbVjuPCv0/hqdefault.jpg,My CS,
ZylVZ_vPS_A,Natural Language Processing in Python || Natural Language Processing Tutorial,Python,"<iframe src=""https://www.youtube.com/embed/ZylVZ_vPS_A"" frameborder=""0"" allow=""accelerometer; autoplay; encrypted-media; gyroscope; picture-in-picture"" allowfullscreen></iframe>",https://i.ytimg.com/vi/ZylVZ_vPS_A/hqdefault.jpg,My CS,
EcjOP77yGnw,"DeepMind's WaveNet   How it works, and how it is evolving || TensorFlow and Deep Learning",Deep Learning,"<iframe src=""https://www.youtube.com/embed/EcjOP77yGnw"" frameborder=""0"" allow=""accelerometer; autoplay; encrypted-media; gyroscope; picture-in-picture"" allowfullscreen></iframe>",https://i.ytimg.com/vi/EcjOP77yGnw/hqdefault.jpg,My CS,
HdJxkXSzpXQ,The TensorFlow library for developing GAN models - TensorFlow and Deep Learning,Deep Learning,"<iframe src=""https://www.youtube.com/embed/HdJxkXSzpXQ"" frameborder=""0"" allow=""accelerometer; autoplay; encrypted-media; gyroscope; picture-in-picture"" allowfullscreen></iframe>",https://i.ytimg.com/vi/HdJxkXSzpXQ/hqdefault.jpg,My CS,
WCRKXB4L3SE,How to Build and deploy Tensorflow models on mobile platforms || TensorFlow and Deep Learning Talk,Deep Learning,"<iframe src=""https://www.youtube.com/embed/WCRKXB4L3SE"" frameborder=""0"" allow=""accelerometer; autoplay; encrypted-media; gyroscope; picture-in-picture"" allowfullscreen></iframe>",https://i.ytimg.com/vi/WCRKXB4L3SE/hqdefault.jpg,My CS,
V7CNPlJUIvs,TensorFlow Project || Eye Tracking Application   TensorFlow and Deep Learning,Deep Learning,"<iframe src=""https://www.youtube.com/embed/V7CNPlJUIvs"" frameborder=""0"" allow=""accelerometer; autoplay; encrypted-media; gyroscope; picture-in-picture"" allowfullscreen></iframe>",https://i.ytimg.com/vi/V7CNPlJUIvs/hqdefault.jpg,My CS,
wE8E5EuPTQw,Generative Adversarial Network (GAN) - TensorFlow and Deep Learning,Deep Learning,"<iframe src=""https://www.youtube.com/embed/wE8E5EuPTQw"" frameborder=""0"" allow=""accelerometer; autoplay; encrypted-media; gyroscope; picture-in-picture"" allowfullscreen></iframe>",https://i.ytimg.com/vi/wE8E5EuPTQw/hqdefault.jpg,My CS,
Y0lOSahypII,Deep Learning with Python & TensorFlow || Deep Learning with TensorFlow,Deep Learning,"<iframe src=""https://www.youtube.com/embed/Y0lOSahypII"" frameborder=""0"" allow=""accelerometer; autoplay; encrypted-media; gyroscope; picture-in-picture"" allowfullscreen></iframe>",https://i.ytimg.com/vi/Y0lOSahypII/hqdefault.jpg,My CS,
hKbHw6vjb3Y,Machine Learning Approaches || Five strategies to build machine learning model,Machine Learning,"<iframe src=""https://www.youtube.com/embed/hKbHw6vjb3Y"" frameborder=""0"" allow=""accelerometer; autoplay; encrypted-media; gyroscope; picture-in-picture"" allowfullscreen></iframe>",https://i.ytimg.com/vi/hKbHw6vjb3Y/hqdefault.jpg,My CS,
b8L-nxjucQQ,What is Deep Learning? || Deep Learning Overview,Deep Learning,"<iframe src=""https://www.youtube.com/embed/b8L-nxjucQQ"" frameborder=""0"" allow=""accelerometer; autoplay; encrypted-media; gyroscope; picture-in-picture"" allowfullscreen></iframe>",https://i.ytimg.com/vi/b8L-nxjucQQ/hqdefault.jpg,My CS,
TJhh8WuF5mI,Writing Awesome Command Line Programs in Python,Python,"<iframe src=""https://www.youtube.com/embed/TJhh8WuF5mI"" frameborder=""0"" allow=""accelerometer; autoplay; encrypted-media; gyroscope; picture-in-picture"" allowfullscreen></iframe>",https://i.ytimg.com/vi/TJhh8WuF5mI/hqdefault.jpg,My CS,
3A3wakgZ_yQ,Working with real time data streams in Python on IoT devices,Python,"<iframe src=""https://www.youtube.com/embed/3A3wakgZ_yQ"" frameborder=""0"" allow=""accelerometer; autoplay; encrypted-media; gyroscope; picture-in-picture"" allowfullscreen></iframe>",https://i.ytimg.com/vi/3A3wakgZ_yQ/hqdefault.jpg,My CS,
dknnIrrj7xo,How to Write faster Code in Python || Most efficient way to write Faster Code in Python,Python,"<iframe src=""https://www.youtube.com/embed/dknnIrrj7xo"" frameborder=""0"" allow=""accelerometer; autoplay; encrypted-media; gyroscope; picture-in-picture"" allowfullscreen></iframe>",https://i.ytimg.com/vi/dknnIrrj7xo/hqdefault.jpg,My CS,
PkfVKvru-Ug,Python Game Development || Python powered game development with Unreal Engine 4,Python,"<iframe src=""https://www.youtube.com/embed/PkfVKvru-Ug"" frameborder=""0"" allow=""accelerometer; autoplay; encrypted-media; gyroscope; picture-in-picture"" allowfullscreen></iframe>",https://i.ytimg.com/vi/PkfVKvru-Ug/hqdefault.jpg,My CS,
CeEruA1m92k,How to use Python for Web Scraping Wunderground for Interactive Analysis & Visualization,Python,"<iframe src=""https://www.youtube.com/embed/CeEruA1m92k"" frameborder=""0"" allow=""accelerometer; autoplay; encrypted-media; gyroscope; picture-in-picture"" allowfullscreen></iframe>",https://i.ytimg.com/vi/CeEruA1m92k/hqdefault.jpg,My CS,
5bNQ5OtH-lo,How to Use Generators in Python || Python tutorial,Python,"<iframe src=""https://www.youtube.com/embed/5bNQ5OtH-lo"" frameborder=""0"" allow=""accelerometer; autoplay; encrypted-media; gyroscope; picture-in-picture"" allowfullscreen></iframe>",https://i.ytimg.com/vi/5bNQ5OtH-lo/hqdefault.jpg,My CS,
DvXgrAnrvSo,Python's Built In 'logging' Module || Python Tutorial for Beginners,Python,"<iframe src=""https://www.youtube.com/embed/DvXgrAnrvSo"" frameborder=""0"" allow=""accelerometer; autoplay; encrypted-media; gyroscope; picture-in-picture"" allowfullscreen></iframe>",https://i.ytimg.com/vi/DvXgrAnrvSo/hqdefault.jpg,My CS,
9AFA5ea-yU0,How to Code Securely in Python || Security Best Practices in Python Programming,Security,"<iframe src=""https://www.youtube.com/embed/9AFA5ea-yU0"" frameborder=""0"" allow=""accelerometer; autoplay; encrypted-media; gyroscope; picture-in-picture"" allowfullscreen></iframe>",https://i.ytimg.com/vi/9AFA5ea-yU0/hqdefault.jpg,My CS,
v97PjikhlA0,List Comprehensions || Python Tutorial,Python,"<iframe src=""https://www.youtube.com/embed/v97PjikhlA0"" frameborder=""0"" allow=""accelerometer; autoplay; encrypted-media; gyroscope; picture-in-picture"" allowfullscreen></iframe>",https://i.ytimg.com/vi/v97PjikhlA0/hqdefault.jpg,My CS,
ppFeCso5FDw,How to  Hack with Python || Automation During Penetration Testing,Python,"<iframe src=""https://www.youtube.com/embed/ppFeCso5FDw"" frameborder=""0"" allow=""accelerometer; autoplay; encrypted-media; gyroscope; picture-in-picture"" allowfullscreen></iframe>",https://i.ytimg.com/vi/ppFeCso5FDw/hqdefault.jpg,My CS,
b0j3R2ovpm0,Data Exploration with Pandas || Python Pandas   Data Exploration the Python Way,Python,"<iframe src=""https://www.youtube.com/embed/b0j3R2ovpm0"" frameborder=""0"" allow=""accelerometer; autoplay; encrypted-media; gyroscope; picture-in-picture"" allowfullscreen></iframe>",https://i.ytimg.com/vi/b0j3R2ovpm0/hqdefault.jpg,My CS,
HWJkQkGyub0,How to Write the Most Secure JavaScript Code || Best Security Practices in Coding .,Security,"<iframe src=""https://www.youtube.com/embed/HWJkQkGyub0"" frameborder=""0"" allow=""accelerometer; autoplay; encrypted-media; gyroscope; picture-in-picture"" allowfullscreen></iframe>",https://i.ytimg.com/vi/HWJkQkGyub0/hqdefault.jpg,My CS,
M2prBUYc8YM,Python project with Raspberry Pi || Physical computing with Raspberry Pi and Python,Python,"<iframe src=""https://www.youtube.com/embed/M2prBUYc8YM"" frameborder=""0"" allow=""accelerometer; autoplay; encrypted-media; gyroscope; picture-in-picture"" allowfullscreen></iframe>",https://i.ytimg.com/vi/M2prBUYc8YM/hqdefault.jpg,My CS,
fQJGxSpgaBA,What is Data Science and How Data Science Works || Easily Explained,Data Science,"<iframe src=""https://www.youtube.com/embed/fQJGxSpgaBA"" frameborder=""0"" allow=""accelerometer; autoplay; encrypted-media; gyroscope; picture-in-picture"" allowfullscreen></iframe>",https://i.ytimg.com/vi/fQJGxSpgaBA/hqdefault.jpg,My CS,
JPd-uD-J2B0,How to use python's datetime package || Python Tutorial || Datetime package || Beginner guide,Python,"<iframe src=""https://www.youtube.com/embed/JPd-uD-J2B0"" frameborder=""0"" allow=""accelerometer; autoplay; encrypted-media; gyroscope; picture-in-picture"" allowfullscreen></iframe>",https://i.ytimg.com/vi/JPd-uD-J2B0/hqdefault.jpg,My CS,
muij7iwjPO4,Cisco advanced networking,Networking,"<iframe src=""https://www.youtube.com/embed/muij7iwjPO4&t=4s"" frameborder=""0"" allow=""accelerometer; autoplay; encrypted-media; gyroscope; picture-in-picture"" allowfullscreen></iframe>",https://i.ytimg.com/vi/muij7iwjPO4&t=4s/hqdefault.jpg,Geeks Talk,new
HTEj8UY2TA8,Linux Forensics Tutorial || Linux file system forensics,Linux,"<iframe src=""https://www.youtube.com/embed/HTEj8UY2TA8"" frameborder=""0"" allow=""accelerometer; autoplay; encrypted-media; gyroscope; picture-in-picture"" allowfullscreen></iframe>",https://i.ytimg.com/vi/HTEj8UY2TA8/hqdefault.jpg,Geeks Talk,new
jAKUPm-Cul0,GPS data analysis with Python || Handling GPS data with python,Python,"<iframe src=""https://www.youtube.com/embed/jAKUPm-Cul0&t=19s"" frameborder=""0"" allow=""accelerometer; autoplay; encrypted-media; gyroscope; picture-in-picture"" allowfullscreen></iframe>",https://i.ytimg.com/vi/jAKUPm-Cul0&t=19s/hqdefault.jpg,Geeks Talk,new
Z15LKQFR_QU,Windows Security || Windows Security Course,Security,"<iframe src=""https://www.youtube.com/embed/Z15LKQFR_QU&t=45s"" frameborder=""0"" allow=""accelerometer; autoplay; encrypted-media; gyroscope; picture-in-picture"" allowfullscreen></iframe>",https://i.ytimg.com/vi/Z15LKQFR_QU&t=45s/hqdefault.jpg,Geeks Talk,best
aDp1nIpOEig,Linux Security Tutorial || Linux Security Crash Course,Security,"<iframe src=""https://www.youtube.com/embed/aDp1nIpOEig&t=17s"" frameborder=""0"" allow=""accelerometer; autoplay; encrypted-media; gyroscope; picture-in-picture"" allowfullscreen></iframe>",https://i.ytimg.com/vi/aDp1nIpOEig&t=17s/hqdefault.jpg,Geeks Talk,best
WhWatJEMfas,Quantum supremacy || Google,Quantum,"<iframe src=""https://www.youtube.com/embed/WhWatJEMfas&t=166s"" frameborder=""0"" allow=""accelerometer; autoplay; encrypted-media; gyroscope; picture-in-picture"" allowfullscreen></iframe>",https://i.ytimg.com/vi/WhWatJEMfas&t=166s/hqdefault.jpg,Geeks Talk,
f42jVH7puPw,Statistics in Data Science,Statistics,"<iframe src=""https://www.youtube.com/embed/f42jVH7puPw&t=895s"" frameborder=""0"" allow=""accelerometer; autoplay; encrypted-media; gyroscope; picture-in-picture"" allowfullscreen></iframe>",https://i.ytimg.com/vi/f42jVH7puPw&t=895s/hqdefault.jpg,Geeks Talk,
UHWaeeI_CQQ,Statistical Data Analysis | Statistical Data Science | Part 2,Data Science,"<iframe src=""https://www.youtube.com/embed/UHWaeeI_CQQ&t=8s"" frameborder=""0"" allow=""accelerometer; autoplay; encrypted-media; gyroscope; picture-in-picture"" allowfullscreen></iframe>",https://i.ytimg.com/vi/UHWaeeI_CQQ&t=8s/hqdefault.jpg,Geeks Talk,
bjiKAOT0zAE,Learn R programming for machine learning,Machine Learning,"<iframe src=""https://www.youtube.com/embed/bjiKAOT0zAE&t=2s"" frameborder=""0"" allow=""accelerometer; autoplay; encrypted-media; gyroscope; picture-in-picture"" allowfullscreen></iframe>",https://i.ytimg.com/vi/bjiKAOT0zAE&t=2s/hqdefault.jpg,Geeks Talk,
mQCvA__tbLg,Statistic for Data Science | Measures of center and spread,Data Science,"<iframe src=""https://www.youtube.com/embed/mQCvA__tbLg&t=1s"" frameborder=""0"" allow=""accelerometer; autoplay; encrypted-media; gyroscope; picture-in-picture"" allowfullscreen></iframe>",https://i.ytimg.com/vi/mQCvA__tbLg&t=1s/hqdefault.jpg,Geeks Talk,
Tw0t2Y4tT-k,Precalculus Crash Course: Trigonometry full course,Calculus,"<iframe src=""https://www.youtube.com/embed/Tw0t2Y4tT-k&t=7s"" frameborder=""0"" allow=""accelerometer; autoplay; encrypted-media; gyroscope; picture-in-picture"" allowfullscreen></iframe>",https://i.ytimg.com/vi/Tw0t2Y4tT-k&t=7s/hqdefault.jpg,Geeks Talk,best
VTJxhgGa-uI,Python for Beginners | Python Tutorials | Python for Data Science,Data Science,"<iframe src=""https://www.youtube.com/embed/VTJxhgGa-uI&t=9434s"" frameborder=""0"" allow=""accelerometer; autoplay; encrypted-media; gyroscope; picture-in-picture"" allowfullscreen></iframe>",https://i.ytimg.com/vi/VTJxhgGa-uI&t=9434s/hqdefault.jpg,Geeks Talk,
IAdqnPN8Qzg,Machine Learning Strategy - How to Pick ML Model,Machine Learning,"<iframe src=""https://www.youtube.com/embed/IAdqnPN8Qzg&t=9s"" frameborder=""0"" allow=""accelerometer; autoplay; encrypted-media; gyroscope; picture-in-picture"" allowfullscreen></iframe>",https://i.ytimg.com/vi/IAdqnPN8Qzg&t=9s/hqdefault.jpg,Geeks Talk,best